{
  "project_info": {
    "project_number": "15875369366",
    "project_id": "uthsmarttasks-1d50a",
    "storage_bucket": "uthsmarttasks-1d50a.firebasestorage.app"
  },
  "client": [
    {
      "client_info": {
        "mobilesdk_app_id": "1:15875369366:android:1ceb061a834b55f28ed5b7",
        "android_client_info": {
          "package_name": "com.example.uthsmarttasks"
        }
      },
      "oauth_client": [
        {
          "client_id": "15875369366-ia751iqo99q8guuv3p6po6gl1eh4vdsu.apps.googleusercontent.com",
          "client_type": 3
        }
      ],
      "api_key": [
        {
          "current_key": "AIzaSyAVJa4NrGyQG96FCqRrDzlBSti-dwID50c"
        }
      ],
      "services": {
        "appinvite_service": {
          "other_platform_oauth_client": [
            {
              "client_id": "15875369366-ia751iqo99q8guuv3p6po6gl1eh4vdsu.apps.googleusercontent.com",
              "client_type": 3
            }
          ]
        }
      }
    }
  ],
  "configuration_version": "1"
}